{
	"%s are empty": "%s 为空",
	"%s channel": "%s 声道",
	"%s channels": "%s 声道",
	"%s to search": "%s 进行搜索",
	"An error has occurred.": "出现错误",
	"Aspect ratio": "纵横比",
	"Audio": "音频",
	"Audio device": "音频设备",
	"Audio devices": "音频设备",
	"Audio tracks": "音频轨道",
	"Chapter %s": "第 %s 章",
	"Chapters": "章节",
	"Default": "默认",
	"Default %s": "默认 %s",
	"Delete file & Next": "删除文件并播放下一个",
	"Delete file & Prev": "删除文件并播放上一个",
	"Delete file & Quit": "删除文件并退出",
	"Disabled": "禁用",
	"Download": "下载",
	"Drives": "驱动器",
	"Drop files or URLs to play here": "拖放文件或 URLs 到此处进行播放",
	"Edition %s": "版本 %s",
	"Editions": "版本",
	"Empty": "空",
	"First": "第一个",
	"Fullscreen": "全屏",
	"Key bindings": "键位绑定",
	"Last": "最后一个",
	"Load": "加载",
	"Load audio": "加载音频",
	"Load subtitles": "加载字幕",
	"Load video": "加载视频",
	"Loop file": "单个循环",
	"Loop playlist": "列表循环",
	"Menu": "菜单",
	"Navigation": "导航",
	"Next": "下一个",
	"Next page": "下一页",
	"No file": "无文件",
	"Open config folder": "打开设置文件夹",
	"Open file": "打开文件",
	"Play/Pause": "播放/暂停",
	"Playlist": "播放列表",
	"Playlist/Files": "播放/文件列表",
	"Prev": "上一个",
	"Previous": "上一个",
	"Previous page": "上一页",
	"Quit": "退出",
	"Remaining downloads today: %s": "今天的剩余下载量: %s",
	"Resets in: %s": "重置: %s",
	"Screenshot": "截图",
	"See above for clues.": "线索见上文",
	"Show in directory": "打开所在文件夹",
	"Shuffle": "乱序",
	"Stream quality": "流媒体品质",
	"Subtitles": "字幕",
	"Subtitles loaded & enabled": "字幕已加载并启用",
	"Track %s": "轨道 %s",
	"Update uosc": "更新 uosc",
	"Updating uosc": "正在更新 uosc",
	"Utils": "工具",
	"Video": "视频",
	"default": "默认",
	"drive": "磁盘",
	"enter query": "输入查询",
	"error": "错误",
	"external": "外置",
	"forced": "强制",
	"foreign parts only": "仅限外语部分",
	"hearing impaired": "听力障碍",
	"invalid response json (see console for details)": "无效的响应 json (请参阅控制台了解详细信息)",
	"no results": "没有结果",
	"open file": "打开文件",
	"parent dir": "父文件夹",
	"playlist or file": "播放列表或文件",
	"process exited with code %s (see console for details)": "进程以代码 %s 退出 (请参阅控制台了解详细信息)",
	"search online": "在线搜索",
	"type & ctrl+enter to search": "输入并按 ctrl+enter 进行搜索",
	"type to search": "输入搜索内容",
	"unknown error": "未知错误",
	"uosc has been installed. Restart mpv for it to take effect.": "uosc 已经安装，重新启动 mpv 使其生效"
}
